{"status":"ready","originalFilePath":"https://res.cloudinary.com/dr85cqwlh/video/upload/v1723582827/663e8db2405f4d0ccf707fa1_AdobeStock_572169980_handbrake-transcode_if1rm6.mp4","provider":"mux","providerMetadata":{"mux":{"assetId":"jwNDB02CRwnaqbFFHHSTCwGOBB3uwX9901uxLk291LxTc","playbackId":"FzVvzmVBbQ02UaIJDzluykz02Qdq02IB1GLOH8MVfxLFrM"}},"createdAt":1723583046617,"updatedAt":1723587325576,"sources":[{"src":"https://stream.mux.com/FzVvzmVBbQ02UaIJDzluykz02Qdq02IB1GLOH8MVfxLFrM.m3u8","type":"application/x-mpegURL"}],"poster":"https://image.mux.com/FzVvzmVBbQ02UaIJDzluykz02Qdq02IB1GLOH8MVfxLFrM/thumbnail.webp","blurDataURL":"data:image/webp;base64,UklGRooAAABXRUJQVlA4IH4AAADwAQCdASoQAAkAAQAcJYwCdAEKr34eWgAA/uu5n/I05DBlky592zb9jGD9Dlxt/hItvO+z83sfhT/K2kBfDd+x2G+57vZ2lmMJH/OZly99oQPy5Ou6ir5hFR85xX9QcWDMsUjqDVW73NJ4/rRLEK2l7e+yudkNmql4UwoAAAA="}